#"Step"	"Time (ps)"	"Potential Energy (kilocalorie/mole)"	"Kinetic Energy (kilocalorie/mole)"	"Total Energy (kilocalorie/mole)"	"Temperature (K)"	"Box Volume (angstrom**3)"	"Density (gram/(item*milliliter))"
10	0.020000000000000004	-153066.35248765693	14627.009364512236	-138439.34312314467	162.90794237183505	498411.9554592178	0.8987791000250346
20	0.04000000000000002	-152163.3290650948	14239.384336958816	-137923.94472813595	158.59077854997	498411.9554592178	0.8987791000250346
30	0.06000000000000004	-151841.62734425347	14412.57222800718	-137429.0551162463	160.51965425321924	498411.9554592178	0.8987791000250346
40	0.08000000000000006	-150888.77122570665	13933.71253899881	-136955.05868670784	155.18636672484473	498411.9554592178	0.8987791000250346
50	0.10000000000000007	-150194.937573699	13755.590046774012	-136439.34752692498	153.20253202730996	498411.9554592178	0.8987791000250346
60	0.12000000000000009	-149628.91223909095	13717.269028578336	-135911.64321051264	152.77573266810552	498411.9554592178	0.8987791000250346
70	0.1400000000000001	-149317.30851060146	13903.177029155633	-135414.13148144583	154.84627826562107	498411.9554592178	0.8987791000250346
80	0.16000000000000011	-149077.34675151925	14202.344437361846	-134875.0023141574	158.1782476163643	498411.9554592178	0.8987791000250346
90	0.18000000000000013	-148893.49158899536	14551.082980196772	-134342.40860879858	162.06231421010196	498411.9554592178	0.8987791000250346
100	0.20000000000000015	-148874.07237293417	15023.236882828833	-133850.83549010532	167.32091621436655	498411.9554592178	0.8987791000250346
110	0.22000000000000017	-148671.5747629915	15331.153127743803	-133340.4216352477	170.7503255099989	498411.9554592178	0.8987791000250346
120	0.24000000000000019	-148408.36969606992	15542.402448437077	-132865.96724763283	173.1031094116134	498411.9554592178	0.8987791000250346
130	0.2600000000000002	-148292.6909197793	15877.2738916669	-132415.4170281124	176.83273153847233	498411.9554592178	0.8987791000250346
140	0.2800000000000002	-148171.99302302976	16233.529715624287	-131938.46330740547	180.80052165828235	498411.9554592178	0.8987791000250346
150	0.3000000000000002	-147791.37638823054	16259.608259181998	-131531.76812904855	181.09097076959202	498411.9554592178	0.8987791000250346
160	0.32000000000000023	-147640.20526012345	16617.064950995973	-131023.14030912747	185.07213552441473	498411.9554592178	0.8987791000250346
170	0.34000000000000025	-147376.94044176783	16743.13598044308	-130633.80446132472	186.47624838768783	498411.9554592178	0.8987791000250346
180	0.36000000000000026	-147193.7425450183	16974.149728691147	-130219.59281632715	189.04915809525968	498411.9554592178	0.8987791000250346
190	0.3800000000000003	-146904.24684712154	17103.102638918892	-129801.14420820263	190.48536783195607	498411.9554592178	0.8987791000250346
200	0.4000000000000003	-146776.97629262824	17328.748774172775	-129448.22751845545	192.9984958872065	498411.9554592178	0.8987791000250346
210	0.4200000000000003	-146544.36395993226	17495.326505704757	-129049.03745422748	194.85375110805037	498411.9554592178	0.8987791000250346
220	0.44000000000000034	-146393.0135775231	17686.76811867492	-128706.24545884815	196.98592717194083	498411.9554592178	0.8987791000250346
230	0.46000000000000035	-146189.50019320185	17888.83637477109	-128300.66381843075	199.236457201624	498411.9554592178	0.8987791000250346
240	0.48000000000000037	-146068.3840364141	18106.939507574552	-127961.44452883954	201.66557526017033	498411.9554592178	0.8987791000250346
250	0.5000000000000003	-145787.91080505654	18187.82916296545	-127600.0816420911	202.56648172645518	498411.9554592178	0.8987791000250346
260	0.5200000000000004	-145679.99971519038	18434.875010127085	-127245.12470506331	205.3179485252837	498411.9554592178	0.8987791000250346
270	0.5400000000000004	-145422.53078593608	18530.68658371717	-126891.84420221893	206.3850474735374	498411.9554592178	0.8987791000250346
280	0.5600000000000004	-145161.7755278099	18606.905325008578	-126554.8702028013	207.23393175360624	498411.9554592178	0.8987791000250346
290	0.5800000000000004	-144983.178491481	18743.82391169154	-126239.35457978949	208.75885900791548	498411.9554592178	0.8987791000250346
300	0.6000000000000004	-144969.0771530489	19074.63959792326	-125894.43755512564	212.44331024502816	498411.9554592178	0.8987791000250346
310	0.6200000000000004	-144719.67466738922	19134.299895409895	-125585.37477197933	213.10777528108812	498411.9554592178	0.8987791000250346
320	0.6400000000000005	-144625.38690448293	19362.86954282405	-125262.51736165887	215.6534638781869	498411.9554592178	0.8987791000250346
330	0.6600000000000005	-144366.30468650968	19433.948546723175	-124932.35613978651	216.44510446461734	498411.9554592178	0.8987791000250346
340	0.6800000000000005	-144148.9289694925	19537.92227399124	-124611.00669550124	217.60310919052293	498411.9554592178	0.8987791000250346
350	0.7000000000000005	-144008.9911109839	19651.437016175438	-124357.55409480844	218.86737672582396	498411.9554592178	0.8987791000250346
360	0.7200000000000005	-143957.90363488445	19885.22910180556	-124072.6745330789	221.47123009486793	498411.9554592178	0.8987791000250346
370	0.7400000000000005	-143675.5183576378	19864.977520385724	-123810.54083725208	221.245678625209	498411.9554592178	0.8987791000250346
380	0.7600000000000006	-143547.7100402382	19980.089943503386	-123567.6200967348	222.52774029100868	498411.9554592178	0.8987791000250346
390	0.7800000000000006	-143457.8438834504	20188.79955474693	-123269.04432870349	224.85223824363885	498411.9554592178	0.8987791000250346
400	0.8000000000000006	-143222.60248765693	20223.957884158932	-122998.64460349797	225.24381323747437	498411.9554592178	0.8987791000250346
410	0.8200000000000006	-143114.51214348865	20343.047070269848	-122771.4650732188	226.5701659993134	498411.9554592178	0.8987791000250346
420	0.8400000000000006	-142911.4767706397	20395.130048095056	-122516.34672254465	227.15023883161007	498411.9554592178	0.8987791000250346
430	0.8600000000000007	-142954.13929454028	20717.506370715164	-122236.63292382512	230.7406968725311	498411.9554592178	0.8987791000250346
440	0.8800000000000007	-142716.3285870833	20731.12340954565	-121985.20517753766	230.89235629393366	498411.9554592178	0.8987791000250346
450	0.9000000000000007	-142462.1459867009	20719.934293597795	-121742.2116931031	230.76773780148588	498411.9554592178	0.8987791000250346
460	0.9200000000000007	-142480.31042264737	21003.819166950067	-121476.49125569728	233.9294983114991	498411.9554592178	0.8987791000250346
470	0.9400000000000007	-142327.4065029533	21053.830320283578	-121273.57618266971	234.48649625155448	498411.9554592178	0.8987791000250346
480	0.9600000000000007	-142046.2162543873	20992.39869385781	-121053.81756052951	233.80230308477786	498411.9554592178	0.8987791000250346
490	0.9800000000000008	-141972.2439790527	21175.207066633306	-120797.03691241941	235.8383266569958	498411.9554592178	0.8987791000250346
500	1.0000000000000007	-141836.90698096476	21292.740841794046	-120544.16613917072	237.14735606919297	498411.9554592178	0.8987791000250346
510	1.0200000000000007	-141760.2458910986	21448.630570629746	-120311.61532046886	238.88357393360081	498411.9554592178	0.8987791000250346
520	1.0400000000000007	-141513.8907285747	21417.072393344934	-120096.81833522976	238.53209554192443	498411.9554592178	0.8987791000250346
530	1.0600000000000007	-141422.82954310626	21525.782055213815	-119897.04748789243	239.74284661821514	498411.9554592178	0.8987791000250346
540	1.0800000000000007	-141376.70143603167	21723.513573296725	-119653.18786273497	241.94507633928845	498411.9554592178	0.8987791000250346
550	1.1000000000000008	-141172.88929454028	21769.2919841837	-119403.59731035658	242.4549322186962	498411.9554592178	0.8987791000250346
560	1.1200000000000008	-141085.17418937775	21861.858508795605	-119223.31568058215	243.48588951702297	498411.9554592178	0.8987791000250346
570	1.1400000000000008	-140970.86969606992	21918.844126882632	-119052.02556918729	244.12056537973675	498411.9554592178	0.8987791000250346
580	1.1600000000000008	-140752.0599446359	21985.43717999553	-118766.62276464036	244.86224380411798	498411.9554592178	0.8987791000250346
590	1.1800000000000008	-140638.59197140453	22063.241156990494	-118575.35081441404	245.72878360625597	498411.9554592178	0.8987791000250346
600	1.2000000000000008	-140643.4318375613	22274.302598833852	-118369.12923872746	248.07947501198893	498411.9554592178	0.8987791000250346
610	1.2200000000000009	-140434.77982991314	22293.1265892981	-118141.65324061502	248.2891267239238	498411.9554592178	0.8987791000250346
620	1.2400000000000009	-140382.31807083092	22455.224541249227	-117927.09352958169	250.09448851436022	498411.9554592178	0.8987791000250346
630	1.260000000000001	-140151.9165411942	22503.657127193983	-117648.25941400022	250.63390520053198	498411.9554592178	0.8987791000250346
640	1.280000000000001	-139986.04656031466	22482.550735273817	-117503.49582504084	250.3988333008072	498411.9554592178	0.8987791000250346
650	1.300000000000001	-140077.7650115575	22703.37804748442	-117374.38696407307	252.85829183776642	498411.9554592178	0.8987791000250346
660	1.320000000000001	-139799.74158899536	22549.49094554544	-117250.25064344991	251.1443781791571	498411.9554592178	0.8987791000250346
670	1.340000000000001	-139603.39837675827	22541.9749418153	-117061.42343494296	251.060668880009	498411.9554592178	0.8987791000250346
680	1.360000000000001	-139495.96529836438	22582.195430110733	-116913.76986825364	251.5086235388264	498411.9554592178	0.8987791000250346
690	1.380000000000001	-139428.44617790548	22707.720393664295	-116720.72578424118	252.90665460718841	498411.9554592178	0.8987791000250346
700	1.400000000000001	-139318.32428498004	22810.15988634736	-116508.1643986327	254.04757183467726	498411.9554592178	0.8987791000250346
710	1.420000000000001	-139348.49875916744	23015.062988766007	-116333.43577040143	256.32967489271005	498411.9554592178	0.8987791000250346
720	1.440000000000001	-139092.8821243682	22922.352817307823	-116170.52930706038	255.29711773130998	498411.9554592178	0.8987791000250346
730	1.460000000000001	-139054.99971519038	23012.812210730597	-116042.18750445978	256.30460690995653	498411.9554592178	0.8987791000250346
740	1.480000000000001	-138844.31615878502	22982.19443119644	-115862.12172758859	255.9636021741556	498411.9554592178	0.8987791000250346
750	1.500000000000001	-138944.5790650948	23180.475188406268	-115764.1038766885	258.1719490319454	498411.9554592178	0.8987791000250346
760	1.5200000000000011	-138678.38642647144	23045.158451781783	-115633.22797468967	256.6648623416579	498411.9554592178	0.8987791000250346
770	1.5400000000000011	-138922.7100402382	23460.365445829935	-115462.34459440825	261.2892196093088	498411.9554592178	0.8987791000250346
780	1.5600000000000012	-138765.92227733188	23390.49772879957	-115375.42454853229	260.5110696993724	498411.9554592178	0.8987791000250346
790	1.5800000000000012	-138671.27600582136	23434.44889521122	-115236.82711061013	261.00057469021044	498411.9554592178	0.8987791000250346
800	1.6000000000000012	-138558.10678976018	23457.842801985695	-115100.26398777448	261.26112372806875	498411.9554592178	0.8987791000250346
810	1.6200000000000012	-138469.31615878502	23513.557704902556	-114955.75845388247	261.8816470331029	498411.9554592178	0.8987791000250346
820	1.6400000000000012	-138314.61969606992	23486.35569341631	-114828.26400265361	261.5786853264979	498411.9554592178	0.8987791000250346
830	1.6600000000000013	-138160.87925629938	23459.846492069155	-114701.03276423021	261.2834397750824	498411.9554592178	0.8987791000250346
840	1.6800000000000013	-138071.61061385195	23543.156752083883	-114528.45386176807	262.21130566340196	498411.9554592178	0.8987791000250346
850	1.7000000000000013	-137953.661283068	23571.455373623154	-114382.20590944485	262.52648083640116	498411.9554592178	0.8987791000250346
860	1.7200000000000013	-137859.25401729363	23585.74362561685	-114273.51039167678	262.6856158772272	498411.9554592178	0.8987791000250346
870	1.7400000000000013	-137756.7803079246	23632.20308312211	-114124.5772248025	263.2030568959125	498411.9554592178	0.8987791000250346
880	1.7600000000000013	-137594.91367312538	23666.6327623986	-113928.28091072677	263.5865165675159	498411.9554592178	0.8987791000250346
890	1.7800000000000014	-137652.99206700682	23845.609376090633	-113807.38269091619	265.579864021028	498411.9554592178	0.8987791000250346
900	1.8000000000000014	-137575.91271710242	23850.963354223655	-113724.94936287877	265.63949381543216	498411.9554592178	0.8987791000250346
910	1.8200000000000014	-137410.34149339306	23805.147612228553	-113605.19388116451	265.12922216176327	498411.9554592178	0.8987791000250346
920	1.8400000000000014	-137511.62017408138	23989.71379039282	-113521.90638368858	267.18482324650194	498411.9554592178	0.8987791000250346
930	1.8600000000000014	-137395.76214348865	24012.040837985853	-113383.72130550281	267.43349016753666	498411.9554592178	0.8987791000250346
940	1.8800000000000014	-137388.8907285747	24184.3459776339	-113204.5447509408	269.35253424966174	498411.9554592178	0.8987791000250346
950	1.9000000000000015	-137211.66797522863	24159.335057934175	-113052.33291729445	269.07397577174106	498411.9554592178	0.8987791000250346
960	1.9200000000000015	-136990.94617790548	24062.413753526682	-112928.53242437879	267.99451722491557	498411.9554592178	0.8987791000250346
970	1.9400000000000015	-137071.8496195881	24273.517631793893	-112798.33198779418	270.3456812652329	498411.9554592178	0.8987791000250346
980	1.9600000000000015	-136862.4805947315	24163.88274081554	-112698.59785391596	269.1246254734197	498411.9554592178	0.8987791000250346
990	1.9800000000000015	-136734.25401729363	24176.94760134313	-112557.3064159505	269.27013502310854	498411.9554592178	0.8987791000250346
1000	2.0000000000000013	-136707.4853748462	24251.399827325746	-112456.08554752046	270.0993447841454	498411.9554592178	0.8987791000250346
1010	2.019999999999999	-136566.471990525	24308.922600796916	-112257.54938972807	270.74000320119984	498411.9554592178	0.8987791000250346
1020	2.039999999999997	-136660.40124482708	24459.10346266314	-112201.29778216395	272.41263870587204	498411.9554592178	0.8987791000250346
1030	2.0599999999999947	-136633.27409377546	24541.40741661016	-112091.86667716531	273.3292968861221	498411.9554592178	0.8987791000250346
1040	2.0799999999999925	-136529.3065985556	24526.399977494104	-112002.90662106147	273.1621519171308	498411.9554592178	0.8987791000250346
1050	2.0999999999999903	-136307.74828115597	24443.808499596267	-111863.9397815597	272.24229144623854	498411.9554592178	0.8987791000250346
1060	2.119999999999988	-136450.67371136628	24707.390716216367	-111743.28299514993	275.17793163660906	498411.9554592178	0.8987791000250346
1070	2.139999999999986	-136302.2511492248	24607.823685367595	-111694.4274638572	274.06900637926975	498411.9554592178	0.8987791000250346
1080	2.1599999999999837	-136358.23824291505	24767.803777027308	-111590.43446588774	275.85078055492403	498411.9554592178	0.8987791000250346
1090	2.1799999999999815	-136183.04703832613	24765.53122982991	-111417.51580849623	275.82547011868616	498411.9554592178	0.8987791000250346
1100	2.1999999999999793	-135994.05325247528	24699.251705907704	-111294.80154656759	275.08728361764054	498411.9554592178	0.8987791000250346
1110	2.219999999999977	-135927.31090065883	24684.320905341458	-111242.98999531737	274.92099220853584	498411.9554592178	0.8987791000250346
1120	2.239999999999975	-135968.47963870855	24755.543363539287	-111212.93627516925	275.71423051354594	498411.9554592178	0.8987791000250346
1130	2.2599999999999727	-135671.1565029533	24568.473174183	-111102.68332877029	273.63074106825434	498411.9554592178	0.8987791000250346
1140	2.2799999999999705	-135859.13451442556	24837.92884848543	-111021.20566594013	276.63179674321174	498411.9554592178	0.8987791000250346
1150	2.2999999999999683	-135819.937573699	24836.212205746928	-110983.72536795205	276.61267767865473	498411.9554592178	0.8987791000250346
1160	2.319999999999966	-135934.0628127047	24959.521414374456	-110974.54139833027	277.9860308332474	498411.9554592178	0.8987791000250346
1170	2.339999999999964	-135697.68613966455	24791.543803613273	-110906.1423360513	276.1151844933227	498411.9554592178	0.8987791000250346
1180	2.3599999999999617	-135615.82667503742	24779.083094216483	-110836.74358082093	275.97640366138796	498411.9554592178	0.8987791000250346
1190	2.3799999999999595	-135652.0957954963	24922.785722724515	-110729.3100727718	277.5768880078645	498411.9554592178	0.8987791000250346
1200	2.3999999999999573	-135503.01596758043	24832.36959259267	-110670.64637498777	276.5698806730132	498411.9554592178	0.8987791000250346
1210	2.419999999999955	-135459.27791786724	24788.61604216654	-110670.6618757007	276.0825766251553	498411.9554592178	0.8987791000250346
1220	2.439999999999953	-135497.93709568752	24900.763930683275	-110597.17316500423	277.331620862724	498411.9554592178	0.8987791000250346
1230	2.4599999999999507	-135145.40363488445	24605.981386424355	-110539.4222484601	274.048487821949	498411.9554592178	0.8987791000250346
1240	2.4799999999999485	-135427.31090065883	24935.420013296985	-110491.89088736185	277.7176020957001	498411.9554592178	0.8987791000250346
1250	2.4999999999999463	-135265.4442658596	24818.110911804506	-110447.33335405508	276.4110749807319	498411.9554592178	0.8987791000250346
1260	2.519999999999944	-135307.80803259	24953.305108500695	-110354.5029240893	277.91679688570474	498411.9554592178	0.8987791000250346
1270	2.539999999999942	-135110.03078593608	24847.37428666442	-110262.65649927166	276.7369950691439	498411.9554592178	0.8987791000250346
1280	2.5599999999999397	-135292.39216260912	25127.8366818106	-110164.55548079852	279.86063781574603	498411.9554592178	0.8987791000250346
1290	2.5799999999999375	-135119.05325247528	25047.163333139924	-110071.88991933536	278.96214046002063	498411.9554592178	0.8987791000250346
1300	2.5999999999999353	-135051.1756234122	25051.86242664375	-109999.31319676843	279.014476493631	498411.9554592178	0.8987791000250346
1310	2.619999999999933	-134904.42610142365	25035.0199643628	-109869.40613706085	278.826894001114	498411.9554592178	0.8987791000250346
1320	2.639999999999931	-134893.9098490336	25155.341638693077	-109738.56821034051	280.1669735689467	498411.9554592178	0.8987791000250346
1330	2.6599999999999286	-134788.50831939687	25086.178222427636	-109702.33009696925	279.39666779075066	498411.9554592178	0.8987791000250346
1340	2.6799999999999264	-134802.60965782902	25255.99595255151	-109546.61370527749	281.28800841297357	498411.9554592178	0.8987791000250346
1350	2.6999999999999242	-134759.17036528597	25228.924251778953	-109530.24611350703	280.9864980386066	498411.9554592178	0.8987791000250346
1360	2.719999999999922	-134746.68231557278	25284.816594270666	-109461.86572130212	281.6089975723635	498411.9554592178	0.8987791000250346
1370	2.73999999999992	-134526.67753545806	25176.46715850838	-109350.21037694969	280.4022585051139	498411.9554592178	0.8987791000250346
1380	2.7599999999999176	-134457.4853748462	25166.360443228696	-109291.12493161752	280.2896952224003	498411.9554592178	0.8987791000250346
1390	2.7799999999999154	-134581.5891033357	25373.518853597674	-109208.07024973803	282.59691671499803	498411.9554592178	0.8987791000250346
1400	2.7999999999999132	-134389.84675151925	25282.97733533485	-109106.8694161844	281.5885128730476	498411.9554592178	0.8987791000250346
1410	2.819999999999911	-134430.83623526685	25446.55497495516	-108984.2812603117	283.41035464702225	498411.9554592178	0.8987791000250346
1420	2.839999999999909	-134438.84292742747	25497.692878505746	-108941.15004892171	283.9799017387775	498411.9554592178	0.8987791000250346
1430	2.8599999999999066	-134275.9007668156	25372.189634193135	-108903.71113262248	282.5821125679056	498411.9554592178	0.8987791000250346
1440	2.8799999999999044	-134385.78365400492	25525.44492639454	-108860.33872761037	284.28898946173587	498411.9554592178	0.8987791000250346
1450	2.899999999999902	-134101.84483947337	25296.68472538301	-108805.16011409035	281.7411785788242	498411.9554592178	0.8987791000250346
1460	2.9199999999999	-134202.70526012345	25442.222660480962	-108760.48259964249	283.3621036054654	498411.9554592178	0.8987791000250346
1470	2.939999999999898	-134211.3094666244	25492.430971831163	-108718.87849479326	283.9212973878848	498411.9554592178	0.8987791000250346
1480	2.9599999999998956	-134175.63786050587	25499.034368011442	-108676.60349249443	283.9948425438074	498411.9554592178	0.8987791000250346
1490	2.9799999999998934	-134028.1115698749	25387.294112849682	-108640.81745702522	282.7503383122951	498411.9554592178	0.8987791000250346
1500	2.999999999999891	-134052.13164635672	25547.947628315364	-108504.18401804137	284.53961272834994	498411.9554592178	0.8987791000250346
1510	3.019999999999889	-134068.0255278099	25633.327726837884	-108434.697800972	285.4905313900659	498411.9554592178	0.8987791000250346
1520	3.039999999999887	-133963.10200964546	25610.46851269943	-108352.63349694603	285.2359374777541	498411.9554592178	0.8987791000250346
1530	3.0599999999998846	-133945.89359664352	25671.776688263297	-108274.11690838024	285.91875571371634	498411.9554592178	0.8987791000250346
1540	3.0799999999998824	-133855.07141691123	25676.934410484908	-108178.13700642632	285.9761997129311	498411.9554592178	0.8987791000250346
1550	3.09999999999988	-133655.86013584048	25543.37090404127	-108112.4892317992	284.4886395789032	498411.9554592178	0.8987791000250346
1560	3.119999999999878	-133730.25067121332	25665.454550862214	-108064.79612035111	285.84834307024727	498411.9554592178	0.8987791000250346
1570	3.139999999999876	-133581.7683576378	25555.111654185133	-108026.65670345267	284.6194018830882	498411.9554592178	0.8987791000250346
1580	3.1599999999998736	-133735.2697916722	25729.027023928425	-108006.2427677438	286.55637986168	498411.9554592178	0.8987791000250346
1590	3.1799999999998714	-133374.19187580224	25466.189185596897	-107908.00269020534	283.6290301654437	498411.9554592178	0.8987791000250346
1600	3.199999999999869	-133426.8926406206	25602.76926248333	-107824.12337813726	285.15018727555935	498411.9554592178	0.8987791000250346
1610	3.219999999999867	-133451.62973431085	25669.224570838134	-107782.40516347271	285.89033157122327	498411.9554592178	0.8987791000250346
1620	3.2399999999998648	-133551.77313775252	25775.09297809978	-107776.68015965274	287.06943824705695	498411.9554592178	0.8987791000250346
1630	3.2599999999998626	-133610.44904597432	25830.698594418533	-107779.75045155578	287.6887443754023	498411.9554592178	0.8987791000250346
1640	3.2799999999998604	-133622.6980899514	25918.55568917828	-107704.1424007731	288.6672505193036	498411.9554592178	0.8987791000250346
1650	3.299999999999858	-133596.82571901448	25889.652390307267	-107707.1733287072	288.34534076800065	498411.9554592178	0.8987791000250346
1660	3.319999999999856	-133600.1717993204	25921.059263873532	-107679.11253544685	288.6951340183849	498411.9554592178	0.8987791000250346
1670	3.3399999999998538	-133431.37399817316	25812.86004608105	-107618.51395209212	287.4900679999286	498411.9554592178	0.8987791000250346
1680	3.3599999999998515	-133456.7683576378	25880.541471740376	-107576.22688589743	288.24386814568527	498411.9554592178	0.8987791000250346
1690	3.3799999999998493	-133410.9390077334	25865.77239906288	-107545.16660867052	288.07937797680165	498411.9554592178	0.8987791000250346
1700	3.399999999999847	-133226.36682800108	25761.873435399964	-107464.49339260113	286.9222059286345	498411.9554592178	0.8987791000250346
1710	3.419999999999845	-133133.27409377546	25770.117930259657	-107363.15616351581	287.01402877909	498411.9554592178	0.8987791000250346
1720	3.4399999999998427	-133207.126866242	25873.841597108676	-107333.28526913332	288.16924846347956	498411.9554592178	0.8987791000250346
1730	3.4599999999998405	-132988.6756234122	25701.804162105134	-107286.87146130705	286.25318593497997	498411.9554592178	0.8987791000250346
1740	3.4799999999998383	-132850.59005935863	25628.439780798315	-107222.15027856032	285.4360920161729	498411.9554592178	0.8987791000250346
1750	3.499999999999836	-133054.7009580202	25837.027685164638	-107217.67327285557	287.7592344615735	498411.9554592178	0.8987791000250346
1760	3.519999999999834	-133000.26740161487	25846.907138790306	-107153.36026282454	287.869266623433	498411.9554592178	0.8987791000250346
1770	3.5399999999998317	-132951.7492371789	25866.04855022423	-107085.70068695467	288.08245360329215	498411.9554592178	0.8987791000250346
1780	3.5599999999998295	-132958.79990639497	25894.564657356546	-107064.23524903842	288.4000510165168	498411.9554592178	0.8987791000250346
1790	3.5799999999998273	-133023.8094666244	26016.11303244234	-107007.69643418207	289.7537929326126	498411.9554592178	0.8987791000250346
1800	3.599999999999825	-132862.8391033357	25955.850480259756	-106906.98862307594	289.0826203002933	498411.9554592178	0.8987791000250346
1810	3.619999999999823	-132858.77600582136	25925.11448880728	-106933.66151701407	288.7402989822779	498411.9554592178	0.8987791000250346
1820	3.6399999999998207	-132652.3945526665	25688.952558318633	-106963.44199434784	286.110051526786	498411.9554592178	0.8987791000250346
1830	3.6599999999998185	-132881.84005935863	25883.0435128722	-106998.79654648644	288.27173456474316	498411.9554592178	0.8987791000250346
1840	3.6799999999998163	-132889.9662543873	25956.354895554632	-106933.61135883268	289.0882382127278	498411.9554592178	0.8987791000250346
1850	3.699999999999814	-132828.54178019994	25963.539555049218	-106865.00222515072	289.1682571739342	498411.9554592178	0.8987791000250346
1860	3.719999999999812	-132936.21386432997	26126.746791845915	-106809.46707248405	290.9859735959425	498411.9554592178	0.8987791000250346
1870	3.7399999999998097	-132822.0288738902	26033.067586537953	-106788.96128735223	289.9426238448461	498411.9554592178	0.8987791000250346
1880	3.7599999999998075	-132820.17657943512	26069.068651252674	-106751.10792818245	290.34358478154303	498411.9554592178	0.8987791000250346
1890	3.7799999999998053	-132870.0092754198	26162.51918292024	-106707.49009249959	291.3843876858232	498411.9554592178	0.8987791000250346
1900	3.799999999999803	-132899.16797522863	26221.58613325219	-106677.58184197644	292.0422443331364	498411.9554592178	0.8987791000250346
1910	3.819999999999801	-132742.32046088827	26132.154750798254	-106610.16571009002	291.04620460034	498411.9554592178	0.8987791000250346
1920	3.8399999999997987	-132704.0197916722	26182.119646255695	-106521.90014541653	291.6026873444848	498411.9554592178	0.8987791000250346
1930	3.8599999999997965	-132565.2769618443	26076.843670345042	-106488.43329149926	290.43017885765767	498411.9554592178	0.8987791000250346
1940	3.8799999999997943	-132384.46912245615	25908.449253391995	-106476.01986906416	288.5546903494406	498411.9554592178	0.8987791000250346
1950	3.899999999999792	-132486.22581461677	26057.67088266881	-106428.55493194795	290.21664242570284	498411.9554592178	0.8987791000250346
1960	3.91999999999979	-132667.87017408138	26233.725128739134	-106434.14504534226	292.1774420846356	498411.9554592178	0.8987791000250346
1970	3.9399999999997877	-132417.6909197793	25969.36760079328	-106448.323318986	289.2331668842211	498411.9554592178	0.8987791000250346
1980	3.9599999999997855	-132483.41749721716	26047.116924396105	-106436.30057282104	290.0990979856032	498411.9554592178	0.8987791000250346
1990	3.9799999999997833	-132591.8065985556	26196.318679764456	-106395.48791879113	291.76082871671866	498411.9554592178	0.8987791000250346
2000	3.999999999999781	-132492.5594666244	26127.052429921194	-106365.50703670322	290.9893776321821	498411.9554592178	0.8987791000250346
2010	4.019999999999779	-132599.21577637584	26228.96771122203	-106370.24806515382	292.12445646882026	498411.9554592178	0.8987791000250346
2020	4.039999999999777	-132475.5303079246	26155.208594764845	-106320.32171315976	291.30296619738056	498411.9554592178	0.8987791000250346
2030	4.059999999999775	-132609.3735201617	26319.932572992115	-106289.44094716958	293.1375752882459	498411.9554592178	0.8987791000250346
2040	4.079999999999773	-132489.63164635672	26210.18520109489	-106279.44644526184	291.9152667430781	498411.9554592178	0.8987791000250346
2050	4.0999999999997705	-132633.87160811582	26423.76034589692	-106210.1112622189	294.29395445116694	498411.9554592178	0.8987791000250346
2060	4.119999999999768	-132411.35726777164	26279.894172930588	-106131.46309484105	292.6916486324725	498411.9554592178	0.8987791000250346
2070	4.139999999999766	-132427.37065209285	26281.964533241204	-106145.40611885165	292.71470721743447	498411.9554592178	0.8987791000250346
2080	4.159999999999764	-132360.6283002764	26216.48384663913	-106144.14445363729	291.98541774659293	498411.9554592178	0.8987791000250346
2090	4.179999999999762	-132390.68327159574	26286.88096510062	-106103.80230649511	292.7694638514168	498411.9554592178	0.8987791000250346
2100	4.1999999999997595	-132277.0957954963	26222.28618168569	-106054.80961381062	292.05004110464455	498411.9554592178	0.8987791000250346
2110	4.219999999999757	-132517.1770574466	26511.302342380888	-106005.8747150657	295.26895119608776	498411.9554592178	0.8987791000250346
2120	4.239999999999755	-132317.90602494183	26417.239773211346	-105900.66625173046	294.22133173979637	498411.9554592178	0.8987791000250346
2130	4.259999999999753	-132254.92801346953	26371.36274993758	-105883.56526353197	293.710377567455	498411.9554592178	0.8987791000250346
2140	4.279999999999751	-132359.13451442556	26513.664173703855	-105845.4703407217	295.2952560319886	498411.9554592178	0.8987791000250346
2150	4.2999999999997485	-132239.27313775252	26398.607521942908	-105840.66561580962	294.01381551824664	498411.9554592178	0.8987791000250346
2160	4.319999999999746	-132238.1976119399	26451.854513534476	-105786.34309840543	294.6068525240695	498411.9554592178	0.8987791000250346
2170	4.339999999999744	-132080.9318375613	26330.49131586257	-105750.44052169875	293.2551730166806	498411.9554592178	0.8987791000250346
2180	4.359999999999742	-132095.86969606992	26381.47581161864	-105714.39388445129	293.82301153305144	498411.9554592178	0.8987791000250346
2190	4.37999999999974	-132116.78269798198	26462.450055145717	-105654.33264283625	294.7248600975377	498411.9554592178	0.8987791000250346
2200	4.3999999999997375	-131875.98441882327	26271.68318545793	-105604.30123336533	292.6001989696824	498411.9554592178	0.8987791000250346
2210	4.419999999999735	-131766.75879740834	26180.60396552908	-105586.15483187928	291.58580648919093	498411.9554592178	0.8987791000250346
2220	4.439999999999733	-131815.9939790527	26185.462961856887	-105630.53101719583	291.6399234364102	498411.9554592178	0.8987791000250346
2230	4.459999999999731	-131996.80181844087	26372.579257739555	-105624.2225607013	293.72392639195914	498411.9554592178	0.8987791000250346
2240	4.479999999999729	-131940.6354704485	26336.07168329237	-105604.56378715613	293.31732421608257	498411.9554592178	0.8987791000250346
2250	4.499999999999726	-132220.51118746572	26643.97878905944	-105576.53239840627	296.7466317246891	498411.9554592178	0.8987791000250346
2260	4.519999999999724	-131729.23489683474	26193.072277873827	-105536.16261896091	291.7246719987639	498411.9554592178	0.8987791000250346
2270	4.539999999999722	-131890.20526012345	26410.08241490115	-105480.1228452223	294.14161684483224	498411.9554592178	0.8987791000250346
2280	4.55999999999972	-131851.06807083092	26398.49355419272	-105452.5745166382	294.01254620534627	498411.9554592178	0.8987791000250346
2290	4.579999999999718	-132038.98633086914	26579.99059475706	-105458.99573611209	296.03396484863026	498411.9554592178	0.8987791000250346
2300	4.599999999999715	-131996.62256413876	26545.612961965136	-105451.00960217362	295.65108484341647	498411.9554592178	0.8987791000250346
2310	4.619999999999713	-132069.5790650948	26667.338381259877	-105402.2406838349	297.00679858485745	498411.9554592178	0.8987791000250346
2320	4.639999999999711	-131928.08766930128	26535.786625465462	-105392.30104383582	295.5416442721881	498411.9554592178	0.8987791000250346
2330	4.659999999999709	-132130.70478211198	26689.144516151235	-105441.56026596075	297.24966385401166	498411.9554592178	0.8987791000250346
2340	4.679999999999707	-131974.3352792439	26539.421841894004	-105434.91343734991	295.58213140210586	498411.9554592178	0.8987791000250346
2350	4.699999999999704	-131932.9872868921	26523.568813403286	-105409.41847348881	295.4055687030999	498411.9554592178	0.8987791000250346
2360	4.719999999999702	-131851.60583373724	26488.479845353897	-105363.12598838333	295.0147662196649	498411.9554592178	0.8987791000250346
2370	4.7399999999997	-131886.38116834525	26582.70063753829	-105303.68053080696	296.06414788073397	498411.9554592178	0.8987791000250346
2380	4.759999999999698	-131845.03317599345	26606.04742615015	-105238.98574984328	296.3241721412623	498411.9554592178	0.8987791000250346
2390	4.779999999999696	-131685.01883564927	26413.25497571707	-105271.7638599322	294.1769511597076	498411.9554592178	0.8987791000250346
2400	4.799999999999693	-131774.40698096476	26588.781814289236	-105185.62516667553	296.1318768311303	498411.9554592178	0.8987791000250346
2410	4.819999999999691	-131700.8529656684	26502.31217012898	-105198.54079553942	295.1688233827645	498411.9554592178	0.8987791000250346
2420	4.839999999999689	-131565.69522188255	26401.060810510102	-105164.63441137245	294.04113895686396	498411.9554592178	0.8987791000250346
2430	4.859999999999687	-131801.77313775252	26662.14520749808	-105139.62793025444	296.94895974502145	498411.9554592178	0.8987791000250346
2440	4.879999999999685	-131785.7597534313	26642.206915398532	-105143.55283803276	296.72689752714757	498411.9554592178	0.8987791000250346
2450	4.899999999999682	-131778.58958134716	26663.974957535836	-105114.61462381133	296.9693385392286	498411.9554592178	0.8987791000250346
2460	4.91999999999968	-131546.75401729363	26540.147294566752	-105006.60672272688	295.59021111267833	498411.9554592178	0.8987791000250346
2470	4.939999999999678	-131580.69283182517	26573.561397345344	-105007.13143447983	295.9623598270333	498411.9554592178	0.8987791000250346
2480	4.959999999999676	-131472.30373048675	26463.27179354479	-105009.03193694196	294.73401218792236	498411.9554592178	0.8987791000250346
2490	4.979999999999674	-131582.36587197814	26583.559942109685	-104998.80592986845	296.0737183634012	498411.9554592178	0.8987791000250346
2500	4.999999999999671	-131563.48441882327	26525.116971275966	-105038.36744754731	295.4228112717767	498411.9554592178	0.8987791000250346
2510	5.019999999999669	-131710.11443794373	26737.5853045867	-104972.52913335702	297.78917189521366	498411.9554592178	0.8987791000250346
2520	5.039999999999667	-131634.94713392842	26609.68584481961	-105025.26128910882	296.36469493605637	498411.9554592178	0.8987791000250346
2530	5.059999999999665	-131509.8873824944	26510.59973585967	-104999.28764663472	295.2611259339431	498411.9554592178	0.8987791000250346
2540	5.079999999999663	-131730.42992551543	26698.191264883055	-105032.23866063239	297.3504217864317	498411.9554592178	0.8987791000250346
2550	5.09999999999966	-131705.45382608904	26686.498711305136	-105018.9551147839	297.2201962702662	498411.9554592178	0.8987791000250346
2560	5.119999999999658	-131685.49684712154	26692.511631112713	-104992.98521600883	297.287165010703	498411.9554592178	0.8987791000250346
2570	5.139999999999656	-131655.9198872745	26654.33390643502	-105001.58598083949	296.861961579387	498411.9554592178	0.8987791000250346
2580	5.159999999999654	-131758.6923538137	26803.824036644823	-104954.86831716889	298.52690407791727	498411.9554592178	0.8987791000250346
2590	5.1799999999996515	-131554.82046088827	26571.701612807436	-104983.11884808085	295.94164652434955	498411.9554592178	0.8987791000250346
2600	5.199999999999649	-131639.01023144278	26658.537357391422	-104980.47287405135	296.9087774068131	498411.9554592178	0.8987791000250346
2610	5.219999999999647	-131640.6235201617	26635.269844472463	-105005.35367568924	296.64963607728515	498411.9554592178	0.8987791000250346
2620	5.239999999999645	-131512.33719128981	26491.20180558496	-105021.13538570484	295.04508198206105	498411.9554592178	0.8987791000250346
2630	5.259999999999643	-131609.5527744638	26591.37144762706	-105018.18132683674	296.1607188061403	498411.9554592178	0.8987791000250346
2640	5.2799999999996405	-131473.6182620355	26498.319882406817	-104975.29837962869	295.12435938045434	498411.9554592178	0.8987791000250346
2650	5.299999999999638	-131639.6077457831	26708.280843536108	-104931.326902247	297.46279421040475	498411.9554592178	0.8987791000250346
2660	5.319999999999636	-131392.65506891886	26499.881168488795	-104892.77390043007	295.14174816422627	498411.9554592178	0.8987791000250346
2670	5.339999999999634	-131587.38499243703	26725.73281396832	-104861.65217846872	297.6571650843541	498411.9554592178	0.8987791000250346
2680	5.359999999999632	-131566.8304991292	26681.243728544545	-104885.58677058465	297.16166903428825	498411.9554592178	0.8987791000250346
2690	5.3799999999996295	-131363.91462914832	26488.084048604152	-104875.83058054416	295.01035804349635	498411.9554592178	0.8987791000250346
2700	5.399999999999627	-131657.65267886152	26771.784424313617	-104885.8682545479	298.1700637157356	498411.9554592178	0.8987791000250346
2710	5.419999999999625	-131517.65506891886	26684.70320036472	-104832.95186855416	297.20019881312913	498411.9554592178	0.8987791000250346
2720	5.439999999999623	-131478.39837675827	26669.452206760765	-104808.94616999749	297.03034126226345	498411.9554592178	0.8987791000250346
2730	5.459999999999621	-131449.17992551543	26670.26058588498	-104778.91933963046	297.0393445640663	498411.9554592178	0.8987791000250346
2740	5.4799999999996185	-131293.10917981752	26494.631756724353	-104798.47742309318	295.0832829750754	498411.9554592178	0.8987791000250346
2750	5.499999999999616	-131296.99302302976	26505.274530493607	-104791.71849253617	295.2018165954944	498411.9554592178	0.8987791000250346
2760	5.519999999999614	-131469.55516452115	26692.253247473713	-104777.30191704746	297.2842872695378	498411.9554592178	0.8987791000250346
2770	5.539999999999612	-131431.91176107948	26648.616845569573	-104783.2949155099	296.7982879603447	498411.9554592178	0.8987791000250346
2780	5.55999999999961	-131395.94139779077	26609.662968717723	-104786.27842907303	296.36444015405715	498411.9554592178	0.8987791000250346
2790	5.5799999999996075	-131239.63164635672	26477.26947272397	-104762.36217363276	294.88991098146465	498411.9554592178	0.8987791000250346
2800	5.599999999999605	-131273.57046088827	26507.767860387583	-104765.8026005007	295.22958599336374	498411.9554592178	0.8987791000250346
2810	5.619999999999603	-131386.26166547718	26670.828486351063	-104715.43317912612	297.0456695409701	498411.9554592178	0.8987791000250346
2820	5.639999999999601	-131391.22103450206	26679.69688529783	-104711.52414920421	297.14444110722445	498411.9554592178	0.8987791000250346
2830	5.659999999999599	-131296.63451442556	26608.784379597924	-104687.85013482763	296.35465489022573	498411.9554592178	0.8987791000250346
2840	5.6799999999995965	-131287.01453354603	26562.436941530304	-104724.57759201572	295.8384614851596	498411.9554592178	0.8987791000250346
2850	5.699999999999594	-131419.12495419613	26697.436008277793	-104721.68894591833	297.34201013532373	498411.9554592178	0.8987791000250346
2860	5.719999999999592	-131266.5197916722	26514.66356876893	-104751.85622290328	295.3063867689431	498411.9554592178	0.8987791000250346
2870	5.73999999999959	-131593.36013584048	26870.923027211393	-104722.43710862908	299.2742173677377	498411.9554592178	0.8987791000250346
2880	5.759999999999588	-131295.37973431085	26513.495258159994	-104781.88447615085	295.2933747394428	498411.9554592178	0.8987791000250346
2890	5.7799999999995855	-131444.937573699	26644.034074108953	-104800.90349959003	296.7472474605129	498411.9554592178	0.8987791000250346
2900	5.799999999999583	-131263.05420849822	26469.21480054998	-104793.83940794824	294.8002022763122	498411.9554592178	0.8987791000250346
2910	5.819999999999581	-131481.14694272383	26701.24974736231	-104779.89719536153	297.3844855567527	498411.9554592178	0.8987791000250346
2920	5.839999999999579	-131570.53508803932	26770.412389778045	-104800.12269826129	298.15478271621726	498411.9554592178	0.8987791000250346
2930	5.859999999999577	-131489.27313775252	26642.126765032386	-104847.14637272013	296.72600485449624	498411.9554592178	0.8987791000250346
2940	5.8799999999995745	-131332.00736337394	26555.870319152626	-104776.13704422131	295.7653258965221	498411.9554592178	0.8987791000250346
2950	5.899999999999572	-131437.34914157662	26682.445820022444	-104754.90332155417	297.17505729735194	498411.9554592178	0.8987791000250346
2960	5.91999999999957	-131356.38594845997	26641.83250470461	-104714.55344375537	296.7227275376282	498411.9554592178	0.8987791000250346
2970	5.939999999999568	-131302.01214348865	26625.555425733455	-104676.45671775521	296.54144198725123	498411.9554592178	0.8987791000250346
2980	5.959999999999566	-131285.99875916744	26625.422397550377	-104660.57636161706	296.5399603892675	498411.9554592178	0.8987791000250346
2990	5.979999999999563	-131245.0092754198	26582.72212334537	-104662.28715207445	296.06438717836033	498411.9554592178	0.8987791000250346
3000	5.999999999999561	-131329.07954310626	26682.185400032715	-104646.89414307353	297.17215687638264	498411.9554592178	0.8987791000250346
3010	6.019999999999559	-131295.8577457831	26622.52701114877	-104673.33073463434	296.50771309733636	498411.9554592178	0.8987791000250346
3020	6.039999999999557	-131323.52265974105	26638.712196679535	-104684.81046306151	296.6879751868733	498411.9554592178	0.8987791000250346
3030	6.059999999999555	-131150.96051824966	26447.99238641843	-104702.96813183122	294.56383818217813	498411.9554592178	0.8987791000250346
3040	6.079999999999552	-131317.06950486533	26621.291760606196	-104695.77774425913	296.49395552603863	498411.9554592178	0.8987791000250346
3050	6.09999999999955	-131275.96051824966	26575.60125259989	-104700.35926564976	295.9850786627141	498411.9554592178	0.8987791000250346
3060	6.119999999999548	-131320.23633086914	26628.086635682583	-104692.14969518657	296.5696332732652	498411.9554592178	0.8987791000250346
3070	6.139999999999546	-131313.90267886152	26582.418832080995	-104731.48384678051	296.061009279667	498411.9554592178	0.8987791000250346
3080	6.159999999999544	-131221.94522188255	26483.810759072083	-104738.13446281046	294.9627643907216	498411.9554592178	0.8987791000250346
3090	6.179999999999541	-131327.8247629915	26611.403644787595	-104716.42111820393	296.3838268892272	498411.9554592178	0.8987791000250346
3100	6.199999999999539	-131330.69283182517	26586.52150288638	-104744.1713289388	296.1067026707409	498411.9554592178	0.8987791000250346
3110	6.219999999999537	-131204.8563117487	26517.48944455249	-104687.36686719621	295.33785988814515	498411.9554592178	0.8987791000250346
3120	6.239999999999535	-131192.06950486533	26523.698576313847	-104668.37092855148	295.40701393419454	498411.9554592178	0.8987791000250346
3130	6.259999999999533	-131250.14789874677	26571.283479162412	-104678.86441958437	295.93698957158153	498411.9554592178	0.8987791000250346
3140	6.27999999999953	-131307.86778402404	26615.11054434732	-104692.7572396767	296.4251123881836	498411.9554592178	0.8987791000250346
3150	6.299999999999528	-131047.71004023818	26369.199377568897	-104678.51066266929	293.68628306307727	498411.9554592178	0.8987791000250346
3160	6.319999999999526	-131236.40506891886	26562.70050313538	-104673.7045657835	295.8413968957894	498411.9554592178	0.8987791000250346
3170	6.339999999999524	-131120.24828115597	26476.31164162482	-104643.93663953115	294.87924316211667	498411.9554592178	0.8987791000250346
3180	6.359999999999522	-131205.45382608904	26587.733341117542	-104617.7204849715	296.12019948801964	498411.9554592178	0.8987791000250346
3190	6.379999999999519	-131082.18661767605	26521.57253691534	-104560.6140807607	295.3833352248165	498411.9554592178	0.8987791000250346
3200	6.399999999999517	-131259.23011672002	26647.307806361656	-104611.92231035836	296.7837085696756	498411.9554592178	0.8987791000250346
3210	6.419999999999515	-131083.79990639497	26571.293990369253	-104512.50591602572	295.93710663987866	498411.9554592178	0.8987791000250346
3220	6.439999999999513	-131132.437573699	26593.148196199545	-104539.28937749944	296.1805072978848	498411.9554592178	0.8987791000250346
3230	6.459999999999511	-131189.14168459765	26737.157445183362	-104451.98423941428	297.7844066220614	498411.9554592178	0.8987791000250346
3240	6.479999999999508	-130937.94665591695	26538.64153597068	-104399.30511994628	295.5734407648593	498411.9554592178	0.8987791000250346
3250	6.499999999999506	-130990.109657829	26604.183347195383	-104385.92631063361	296.3034110096207	498411.9554592178	0.8987791000250346
3260	6.519999999999504	-131080.99158899536	26650.049648367913	-104430.94194062744	296.814245764834	498411.9554592178	0.8987791000250346
3270	6.539999999999502	-131283.84770754218	26815.91932776964	-104467.92837977255	298.66161507320203	498411.9554592178	0.8987791000250346
3280	6.5599999999995	-131323.9409197793	26869.088634057644	-104454.85228572164	299.25378686094496	498411.9554592178	0.8987791000250346
3290	6.579999999999497	-131118.09722953071	26667.05361778571	-104451.04361174502	297.00362703895337	498411.9554592178	0.8987791000250346
3300	6.599999999999495	-131239.0938834504	26820.478564238652	-104418.61531921176	298.71239345266724	498411.9554592178	0.8987791000250346
3310	6.619999999999493	-131068.86204788636	26643.692136973183	-104425.16991091319	296.74343914441613	498411.9554592178	0.8987791000250346
3320	6.639999999999491	-130992.14120658618	26586.971836556797	-104405.16937002937	296.11171825046745	498411.9554592178	0.8987791000250346
3330	6.6599999999994886	-131084.51692360337	26670.693891337654	-104413.82303226573	297.0441704924536	498411.9554592178	0.8987791000250346
3340	6.679999999999486	-131121.08480123244	26719.434388156762	-104401.65041307568	297.58701652810646	498411.9554592178	0.8987791000250346
3350	6.699999999999484	-131132.1388165288	26733.577571891386	-104398.56124463743	297.7445358749104	498411.9554592178	0.8987791000250346
3360	6.719999999999482	-131094.19665591695	26743.19304830782	-104351.00360760913	297.8516279973594	498411.9554592178	0.8987791000250346
3370	6.73999999999948	-131017.83432322097	26662.068565685928	-104355.76575753505	296.9481061488005	498411.9554592178	0.8987791000250346
3380	6.7599999999994775	-131209.3974207353	26812.204896180952	-104397.19252455437	298.62024568646586	498411.9554592178	0.8987791000250346
3390	6.779999999999475	-131034.14646471236	26632.28024469291	-104401.86622001945	296.61633948626877	498411.9554592178	0.8987791000250346
3400	6.799999999999473	-130980.19091977928	26532.718502674994	-104447.47241710429	295.50747313314776	498411.9554592178	0.8987791000250346
3410	6.819999999999471	-131014.72724865118	26540.606829551783	-104474.1204190994	295.5953291718108	498411.9554592178	0.8987791000250346
3420	6.839999999999469	-131027.99206700682	26530.641390795583	-104497.35067621124	295.48433935276114	498411.9554592178	0.8987791000250346
3430	6.8599999999994665	-131177.49015496092	26685.539741123972	-104491.95041383697	297.2095157644214	498411.9554592178	0.8987791000250346
3440	6.879999999999464	-131164.7630995116	26698.910232212562	-104465.85286729904	297.35842926665975	498411.9554592178	0.8987791000250346
3450	6.899999999999462	-131166.91415113685	26732.75361292038	-104434.16053821646	297.73535905296274	498411.9554592178	0.8987791000250346
3460	6.91999999999946	-131147.61443794373	26711.239533887052	-104436.37490405668	297.49574654845117	498411.9554592178	0.8987791000250346
3470	6.939999999999458	-131204.43805171046	26790.843540689562	-104413.5945110209	298.38233413649317	498411.9554592178	0.8987791000250346
3480	6.9599999999994555	-131040.36061385195	26660.700337267248	-104379.6602765847	296.93286753981164	498411.9554592178	0.8987791000250346
3490	6.979999999999453	-131100.8290650948	26675.59561036663	-104425.23345472815	297.09876326266357	498411.9554592178	0.8987791000250346
3500	6.999999999999451	-131080.0355660508	26652.51668276162	-104427.51888328919	296.8417222972422	498411.9554592178	0.8987791000250346
3510	7.019999999999449	-131072.50688536247	26673.228199290872	-104399.27868607159	297.0723962824088	498411.9554592178	0.8987791000250346
3520	7.039999999999447	-131061.75162723627	26684.121196968685	-104377.63043026759	297.1937167652041	498411.9554592178	0.8987791000250346
3530	7.0599999999994445	-131096.94522188255	26759.20733020981	-104337.73789167273	298.02998665210566	498411.9554592178	0.8987791000250346
3540	7.079999999999442	-131259.3496195881	26872.738852570015	-104386.61076701806	299.2944410761874	498411.9554592178	0.8987791000250346
3550	7.09999999999944	-131078.54178019994	26668.23430152487	-104410.30747867507	297.01677687387485	498411.9554592178	0.8987791000250346
3560	7.119999999999438	-131189.79895037203	26793.756899530425	-104396.0420508416	298.41478159600643	498411.9554592178	0.8987791000250346
3570	7.139999999999436	-131261.4409197793	26841.8609324815	-104419.5799872978	298.9505390316215	498411.9554592178	0.8987791000250346
3580	7.1599999999994335	-131284.62447618463	26790.860140700424	-104493.76433548421	298.38251901868927	498411.9554592178	0.8987791000250346
3590	7.179999999999431	-131207.72438058234	26687.087816263793	-104520.63656431856	297.2267574116632	498411.9554592178	0.8987791000250346
3600	7.199999999999429	-131211.4289694925	26693.614595542498	-104517.81437394998	297.29944924880584	498411.9554592178	0.8987791000250346
3610	7.219999999999427	-131281.45765018082	26757.469448841868	-104523.98820133894	298.01063104285686	498411.9554592178	0.8987791000250346
3620	7.239999999999425	-131278.23107274296	26747.896447038318	-104530.33462570464	297.9040119803216	498411.9554592178	0.8987791000250346
3630	7.2599999999994225	-131303.50592933953	26819.4852240035	-104484.02070533602	298.70133015122605	498411.9554592178	0.8987791000250346
3640	7.27999999999942	-131092.58336719804	26597.85324118091	-104494.73012601712	296.2329096159239	498411.9554592178	0.8987791000250346
3650	7.299999999999418	-131196.61061385195	26767.880920043914	-104428.72969380804	298.1265885368545	498411.9554592178	0.8987791000250346
3660	7.319999999999416	-131360.98680888064	26930.19187575895	-104430.79493312168	299.934322651259	498411.9554592178	0.8987791000250346
3670	7.339999999999414	-131229.65315687298	26798.02478647363	-104431.62837039935	298.4623150775861	498411.9554592178	0.8987791000250346
3680	7.3599999999994115	-131361.04656031466	26849.488102686846	-104511.55845762782	299.03548644454145	498411.9554592178	0.8987791000250346
3690	7.379999999999409	-131297.59053737012	26766.385382858938	-104531.20515451118	298.10993202974	498411.9554592178	0.8987791000250346
3700	7.399999999999407	-131070.47533660529	26584.042971282324	-104486.43236532297	296.0790980884468	498411.9554592178	0.8987791000250346
3710	7.419999999999405	-131194.22055649056	26735.668477970496	-104458.55207852008	297.76782328784304	498411.9554592178	0.8987791000250346
3720	7.439999999999403	-131166.8543997028	26718.769819392244	-104448.08458031058	297.5796149105033	498411.9554592178	0.8987791000250346
3730	7.4599999999994	-131277.15554693033	26833.909271044147	-104443.2462758862	298.8619776059113	498411.9554592178	0.8987791000250346
3740	7.479999999999398	-131090.73107274296	26674.67988734119	-104416.05118540177	297.08856442090854	498411.9554592178	0.8987791000250346
3750	7.499999999999396	-131232.8199828768	26834.31112169128	-104398.50886118552	298.8664532072071	498411.9554592178	0.8987791000250346
3760	7.519999999999394	-131161.2975163376	26813.313159162597	-104347.98435717501	298.6325889370543	498411.9554592178	0.8987791000250346
3770	7.539999999999392	-131033.90745897623	26693.095942709588	-104340.81151626665	297.29367276615585	498411.9554592178	0.8987791000250346
3780	7.559999999999389	-131135.66415113685	26807.0145181945	-104328.64963294234	298.5624379845062	498411.9554592178	0.8987791000250346
3790	7.579999999999387	-131028.23107274296	26745.970741021494	-104282.26033172147	297.8825644788539	498411.9554592178	0.8987791000250346
3800	7.599999999999385	-131140.4442658596	26836.036900800424	-104304.40736505917	298.8856740278583	498411.9554592178	0.8987791000250346
3810	7.619999999999383	-131212.5044953051	26859.729200211263	-104352.77529509384	299.1495464060658	498411.9554592178	0.8987791000250346
3820	7.639999999999381	-131226.48633086914	26864.02647326096	-104362.45985760819	299.1974071746543	498411.9554592178	0.8987791000250346
3830	7.659999999999378	-131289.34483947337	26896.64871758024	-104392.69612189312	299.5607365856888	498411.9554592178	0.8987791000250346
3840	7.679999999999376	-131227.4423538137	26841.36221697587	-104386.08013683783	298.9449846004437	498411.9554592178	0.8987791000250346
3850	7.699999999999374	-131347.90124482708	26933.85919305648	-104414.04205177061	299.97516730378345	498411.9554592178	0.8987791000250346
3860	7.719999999999372	-131340.13355840262	26920.042472120633	-104420.09108628199	299.82128392804395	498411.9554592178	0.8987791000250346
3870	7.73999999999937	-131100.5303079246	26688.25263332269	-104412.27767460192	297.23973053183937	498411.9554592178	0.8987791000250346
3880	7.759999999999367	-131056.075241003	26652.942513583374	-104403.13272741964	296.846464977119	498411.9554592178	0.8987791000250346
3890	7.779999999999365	-131128.971990525	26758.349358081938	-104370.62263244305	298.020431009494	498411.9554592178	0.8987791000250346
3900	7.799999999999363	-131181.075241003	26829.440256533868	-104351.63498446913	298.81220407120185	498411.9554592178	0.8987791000250346
3910	7.819999999999361	-131103.1593710221	26781.64457256324	-104321.51479845888	298.2798808644635	498411.9554592178	0.8987791000250346
3920	7.839999999999359	-131019.74636911007	26724.777574551805	-104294.96879455827	297.6465261298051	498411.9554592178	0.8987791000250346
3930	7.859999999999356	-131035.16223909095	26685.29174045657	-104349.87049863438	297.20675366333654	498411.9554592178	0.8987791000250346
3940	7.879999999999354	-131214.8945526665	26905.741284865926	-104309.15326780056	299.66200482107956	498411.9554592178	0.8987791000250346
3950	7.899999999999352	-131108.77600582136	26829.11992386935	-104279.65608195201	298.8086363743507	498411.9554592178	0.8987791000250346
3960	7.91999999999935	-131091.3285870833	26855.487985227137	-104235.84060185617	299.1023099827476	498411.9554592178	0.8987791000250346
3970	7.939999999999348	-131130.64503067796	26903.50199814891	-104227.14303252904	299.63706482259056	498411.9554592178	0.8987791000250346
3980	7.959999999999345	-131107.9992371789	26844.083878608042	-104263.91535857087	298.97529703720227	498411.9554592178	0.8987791000250346
3990	7.979999999999343	-131136.26166547718	26902.214038242015	-104234.04762723517	299.622720202097	498411.9554592178	0.8987791000250346
4000	7.999999999999341	-131055.95573813493	26803.449299972883	-104252.50643816205	298.5227304578261	498411.9554592178	0.8987791000250346
4010	8.019999999999348	-131027.51405553454	26790.383950486717	-104237.13010504784	298.37721546237367	498411.9554592178	0.8987791000250346
4020	8.039999999999354	-130940.75497331658	26711.100329201534	-104229.65464411504	297.4941961598296	498411.9554592178	0.8987791000250346
4030	8.059999999999361	-131031.21864444469	26845.334119835803	-104185.88452460887	298.9892215668725	498411.9554592178	0.8987791000250346
4040	8.079999999999368	-130973.85726777164	26732.204551754137	-104241.6527160175	297.7292438982787	498411.9554592178	0.8987791000250346
4050	8.099999999999374	-130965.67132130892	26749.620587376245	-104216.05073393269	297.9232145492004	498411.9554592178	0.8987791000250346
4060	8.119999999999381	-130904.42610142365	26732.029625803443	-104172.3964756202	297.72729566498066	498411.9554592178	0.8987791000250346
4070	8.139999999999388	-130875.38690448292	26694.75614102247	-104180.63076346045	297.31216318236744	498411.9554592178	0.8987791000250346
4080	8.159999999999394	-130944.69856796284	26774.44550737769	-104170.25306058515	298.19970146024275	498411.9554592178	0.8987791000250346
4090	8.179999999999401	-131238.07810907182	27041.130733473783	-104196.94737559806	301.16990133922053	498411.9554592178	0.8987791000250346
4100	8.199999999999408	-130942.12925629936	26794.615307090913	-104147.51394920846	298.4243420882377	498411.9554592178	0.8987791000250346
4110	8.219999999999414	-130954.67705744659	26811.858914166274	-104142.81814328032	298.61639232063385	498411.9554592178	0.8987791000250346
4120	8.239999999999421	-131056.49350104124	26883.863442930284	-104172.63005811095	299.41834091655517	498411.9554592178	0.8987791000250346
4130	8.259999999999428	-131010.2458910986	26803.261102507946	-104206.98478859066	298.52063441337793	498411.9554592178	0.8987791000250346
4140	8.279999999999434	-130925.45860620377	26699.01020939758	-104226.44839680618	297.35954275999865	498411.9554592178	0.8987791000250346
4150	8.299999999999441	-131138.95048000873	26916.453941028733	-104222.49653898	299.7813167548679	498411.9554592178	0.8987791000250346
4160	8.319999999999448	-130990.52791786725	26756.457370775504	-104234.07054709175	297.99935904930015	498411.9554592178	0.8987791000250346
4170	8.339999999999455	-131026.43852972193	26724.453947507525	-104301.9845822144	297.64292174188375	498411.9554592178	0.8987791000250346
4180	8.359999999999461	-131084.27791786724	26769.817554080193	-104314.46036378705	298.1481577488592	498411.9554592178	0.8987791000250346
4190	8.379999999999468	-131117.49971519038	26787.366187824457	-104330.13352736592	298.34360520797213	498411.9554592178	0.8987791000250346
4200	8.399999999999475	-131095.15267886152	26794.819516527117	-104300.3331623344	298.42661646560606	498411.9554592178	0.8987791000250346
4210	8.419999999999481	-130959.63642647145	26683.669514389807	-104275.96691208164	297.18868616204406	498411.9554592178	0.8987791000250346
4220	8.439999999999488	-131047.41128306801	26819.17276157877	-104228.23852148924	298.69785010896913	498411.9554592178	0.8987791000250346
4230	8.459999999999495	-131045.20048000873	26838.25634850393	-104206.9441315048	298.9103930698422	498411.9554592178	0.8987791000250346
4240	8.479999999999501	-131163.26931366074	27036.590738960727	-104126.67857470001	301.1193372665472	498411.9554592178	0.8987791000250346
4250	8.499999999999508	-131017.7148203529	26900.332425560973	-104117.38239479193	299.6017637890278	498411.9554592178	0.8987791000250346
4260	8.519999999999515	-130994.7702696837	26884.371350514128	-104110.39891916956	299.4239977242687	498411.9554592178	0.8987791000250346
4270	8.539999999999521	-131033.48919893798	26963.15600517902	-104070.33319375897	300.3014597988519	498411.9554592178	0.8987791000250346
4280	8.559999999999528	-131032.77218172958	27008.9293377292	-104023.84284400038	300.8112591184137	498411.9554592178	0.8987791000250346
4290	8.579999999999535	-131170.678491481	27223.20644076704	-103947.47205071397	303.197764868385	498411.9554592178	0.8987791000250346
4300	8.599999999999541	-130998.9528700661	26990.623290464486	-104008.32957960162	300.6073759856052	498411.9554592178	0.8987791000250346
4310	8.619999999999548	-131026.67753545806	26958.521970717404	-104068.15556474066	300.24984835865877	498411.9554592178	0.8987791000250346
4320	8.639999999999555	-131007.13881652881	26972.07379403448	-104035.06502249432	300.4007814439501	498411.9554592178	0.8987791000250346
4330	8.659999999999561	-131138.05420849822	27127.246994398454	-104010.80721409977	302.129018990846	498411.9554592178	0.8987791000250346
4340	8.679999999999568	-130946.0130995116	26864.41216223119	-104081.60093728041	299.20170277568724	498411.9554592178	0.8987791000250346
4350	8.699999999999575	-131141.63929454028	27086.346468697622	-104055.29282584265	301.67349043283366	498411.9554592178	0.8987791000250346
4360	8.719999999999581	-130870.84579549631	26805.757536850368	-104065.08825864593	298.5484383869624	498411.9554592178	0.8987791000250346
4370	8.739999999999588	-130981.62495419612	26923.1080947099	-104058.51685948622	299.8554272211574	498411.9554592178	0.8987791000250346
4380	8.759999999999595	-130886.14216260912	26845.53428927167	-104040.60787333745	298.9914509488405	498411.9554592178	0.8987791000250346
4390	8.779999999999601	-130838.40076681561	26796.953215968493	-104041.44755084712	298.45038048851546	498411.9554592178	0.8987791000250346
4400	8.799999999999608	-130964.83480123244	26895.758707753877	-104069.07609347856	299.5508241240303	498411.9554592178	0.8987791000250346
4410	8.819999999999615	-130843.12113010434	26782.871786544172	-104060.24934356016	298.29354892876165	498411.9554592178	0.8987791000250346
4420	8.839999999999621	-130923.06854884239	26903.296347489675	-104019.77220135271	299.63477439363766	498411.9554592178	0.8987791000250346
4430	8.859999999999628	-130944.81807083091	26941.72128731052	-104003.09678352039	300.06273117728216	498411.9554592178	0.8987791000250346
4440	8.879999999999635	-130779.30659855559	26780.076903469813	-103999.22969508577	298.26242099006504	498411.9554592178	0.8987791000250346
4450	8.899999999999642	-130909.26596758043	26904.212521136065	-104005.05344644438	299.6449782541719	498411.9554592178	0.8987791000250346
4460	8.919999999999648	-130919.36395993225	26932.65280378152	-103986.71115615073	299.96173117411496	498411.9554592178	0.8987791000250346
4470	8.939999999999655	-130884.23011672002	26919.073772625823	-103965.1563440942	299.81049506221746	498411.9554592178	0.8987791000250346
4480	8.959999999999662	-131127.23919893798	27186.41558797618	-103940.82361096182	302.7880076872071	498411.9554592178	0.8987791000250346
4490	8.979999999999668	-130978.8166367965	26984.28813412998	-103994.52850266652	300.5368183440984	498411.9554592178	0.8987791000250346
4500	8.999999999999675	-131007.73633086916	27079.928954268606	-103927.80737660055	301.6020155301574	498411.9554592178	0.8987791000250346
4510	9.019999999999682	-130973.91701920568	27053.434086947254	-103920.48293225843	301.30692962358734	498411.9554592178	0.8987791000250346
4520	9.039999999999688	-130939.44044176782	27020.706918571632	-103918.73352319619	300.94243162356116	498411.9554592178	0.8987791000250346
4530	9.059999999999695	-130834.75592933952	26943.047276081976	-103891.70865325755	300.07749934328126	498411.9554592178	0.8987791000250346
4540	9.079999999999702	-130870.36778402403	26961.2582660581	-103909.10951796593	300.28032377797143	498411.9554592178	0.8987791000250346
4550	9.099999999999708	-130874.4906329724	26960.474611991318	-103914.01602098109	300.27159585086287	498411.9554592178	0.8987791000250346
4560	9.119999999999715	-130800.5183576378	26885.632454371957	-103914.88590326584	299.43804323620327	498411.9554592178	0.8987791000250346
4570	9.139999999999722	-130943.26453354603	27065.05286557226	-103878.21166797377	301.4363334731033	498411.9554592178	0.8987791000250346
4580	9.159999999999728	-130857.70048000873	26988.49954739572	-103869.20093261302	300.58372285154087	498411.9554592178	0.8987791000250346
4590	9.179999999999735	-130861.10631174869	27002.677573113036	-103858.42873863566	300.74163025003526	498411.9554592178	0.8987791000250346
4600	9.199999999999742	-131010.78365400492	27122.476119184088	-103888.30753482082	302.0758834902719	498411.9554592178	0.8987791000250346
4610	9.219999999999748	-130984.85153163398	27101.4669367972	-103883.38459483678	301.8418942592356	498411.9554592178	0.8987791000250346
4620	9.239999999999755	-130942.96577637584	27069.26892257996	-103873.69685379589	301.483289700103	498411.9554592178	0.8987791000250346
4630	9.259999999999762	-130821.0130995116	26980.392377542208	-103840.6207219694	300.49342945482647	498411.9554592178	0.8987791000250346
4640	9.279999999999768	-130753.85248765691	26920.705111759475	-103833.14737589745	299.8286640600591	498411.9554592178	0.8987791000250346
4650	9.299999999999775	-130690.39646471236	26887.645748572224	-103802.75071614014	299.460466248822	498411.9554592178	0.8987791000250346
4660	9.319999999999782	-130664.46434234144	26824.60839232016	-103839.85595002127	298.75838930720886	498411.9554592178	0.8987791000250346
4670	9.339999999999788	-130748.05659855559	26878.88425387424	-103869.17234468134	299.3628853259019	498411.9554592178	0.8987791000250346
4680	9.359999999999795	-130757.13881652881	26837.3154273745	-103919.82338915432	298.89991358484906	498411.9554592178	0.8987791000250346
4690	9.379999999999802	-130777.75306127069	26892.33977208747	-103885.41328918321	299.5127458155644	498411.9554592178	0.8987791000250346
4700	9.399999999999809	-130852.4423538137	26900.355591653773	-103952.08676215993	299.6020218007934	498411.9554592178	0.8987791000250346
4710	9.419999999999815	-130828.96004023818	26923.721360597214	-103905.23867964096	299.8622574542788	498411.9554592178	0.8987791000250346
4720	9.439999999999822	-130888.29321423436	26949.483170814845	-103938.81004341951	300.1491789561212	498411.9554592178	0.8987791000250346
4730	9.459999999999829	-130797.23202876591	26897.137616686676	-103900.09441207923	299.56618168697173	498411.9554592178	0.8987791000250346
4740	9.479999999999835	-130716.20908421524	26801.572734989586	-103914.63634922565	298.5018302633614	498411.9554592178	0.8987791000250346
4750	9.499999999999842	-130799.86109186342	26887.005114962776	-103912.85597690064	299.45333120839587	498411.9554592178	0.8987791000250346
4760	9.519999999999849	-130875.02839587872	26935.984170803873	-103939.04422507485	299.9988341890494	498411.9554592178	0.8987791000250346
4770	9.539999999999855	-130793.70669415788	26873.544946273156	-103920.16174788472	299.3034189241716	498411.9554592178	0.8987791000250346
4780	9.559999999999862	-130849.45478211199	26911.644702554855	-103937.81007955714	299.727753984473	498411.9554592178	0.8987791000250346
4790	9.579999999999869	-130963.22151251351	27020.94819358751	-103942.273318926	300.9451188178743	498411.9554592178	0.8987791000250346
4800	9.599999999999875	-130813.24541308713	26833.1266223006	-103980.11879078652	298.85326087556444	498411.9554592178	0.8987791000250346
4810	9.619999999999882	-130850.88881652881	26787.6350910273	-104063.25372550152	298.34660011051034	498411.9554592178	0.8987791000250346
4820	9.639999999999889	-130874.55038440644	26776.34711482821	-104098.20326957823	298.2208805645451	498411.9554592178	0.8987791000250346
4830	9.659999999999895	-130929.64120658618	26867.5882693319	-104062.05293725427	299.23707658721867	498411.9554592178	0.8987791000250346
4840	9.679999999999902	-131042.63116834525	26929.99780853045	-104112.6333598148	299.93216123246935	498411.9554592178	0.8987791000250346
4850	9.699999999999909	-130905.08336719802	26772.6384484274	-104132.44491877063	298.17957538744133	498411.9554592178	0.8987791000250346
4860	9.719999999999915	-130884.82763106035	26727.38131986377	-104157.44631119659	297.6755252765659	498411.9554592178	0.8987791000250346
4870	9.739999999999922	-130951.86874004698	26842.710518369582	-104109.1582216774	298.960001272702	498411.9554592178	0.8987791000250346
4880	9.759999999999929	-130960.11443794373	26891.1298698336	-104068.98456811013	299.4992705601833	498411.9554592178	0.8987791000250346
4890	9.779999999999935	-130958.91940926304	26841.57620528998	-104117.34320397305	298.94736788981436	498411.9554592178	0.8987791000250346
4900	9.799999999999942	-131117.0217037181	27019.946261372275	-104097.07544234583	300.93395982347477	498411.9554592178	0.8987791000250346
4910	9.819999999999949	-130882.25831939687	26817.747516078278	-104064.5108033186	298.6819764736911	498411.9554592178	0.8987791000250346
4920	9.839999999999955	-130936.51262150014	26948.57807220412	-103987.93454929601	300.13909844351315	498411.9554592178	0.8987791000250346
4930	9.859999999999962	-130776.55803259	26905.949160234362	-103870.60887235563	299.6643200276743	498411.9554592178	0.8987791000250346
4940	9.879999999999969	-130939.9184532401	27057.35383985782	-103882.56461338227	301.3505857712901	498411.9554592178	0.8987791000250346
4950	9.899999999999975	-130908.19044176782	27063.95642392681	-103844.234017841	301.424121882344	498411.9554592178	0.8987791000250346
4960	9.919999999999982	-130750.14789874679	26899.36044382975	-103850.78745491704	299.59093836737736	498411.9554592178	0.8987791000250346
4970	9.939999999999989	-130775.12399817318	26913.057800430204	-103862.06619774297	299.74349232588696	498411.9554592178	0.8987791000250346
4980	9.959999999999996	-130805.23872092651	26915.253121595	-103889.98559933151	299.7679426591635	498411.9554592178	0.8987791000250346
4990	9.980000000000002	-130812.28939014259	26929.680126588682	-103882.6092635539	299.92862305797496	498411.9554592178	0.8987791000250346
5000	10.000000000000009	-130756.66080505654	26866.8924375219	-103889.76836753463	299.22932677824684	498411.9554592178	0.8987791000250346
